ticker,last_close,r3,r6,r12,rs3,rs6,rs12,high52,near_52w_gap_pct,pivot_tight_range_pct,vol_contraction_score,vol10_over_vol50,breakout_trigger,vol_today,vol50_avg,over_trigger_high,over_trigger_close,pivot_low7,rs_composite,rs3_pctile,rs6_pctile,rs12_pctile,rs_composite_pctile,trigger_price,stop_suggest,risk_pct,max_entry_price,position_risk_$
ADI,248.3112030029297,0.05204775774044301,0.1985655062006655,0.1110843846822378,-0.021876708719528737,0.024638591182437164,-0.04914974730028432,254.6230010986328,0.02478879782450658,0.03415067715426038,-0.002006894936197703,0.7522356544920099,254.25,525219.0,3435734.38,False,False,243.52000427246094,-0.004073666484696904,11.016949152542372,9.322033898305085,15.254237288135593,3.389830508474576,254.25,243.52000427246094,0.042202539734666915,258.06374999999997,10.479363411294083
ADM,60.790000915527344,0.1795208782603257,0.28295953175703903,0.041081258284250355,0.09663923057631973,0.09678598321310661,-0.10905742968962229,64.20999908447266,0.05326270390451292,0.06283927681021784,0.004507450316841327,1.1604791601011193,63.25,1521939.0,3472482.78,False,False,58.459999084472656,0.055573274841524765,52.54237288135594,37.28813559322034,8.47457627118644,23.728813559322035,63.25,58.459999084472656,0.0757312397711833,64.19874999999999,4.603702135024254
ADSK,321.8299865722656,0.054730709606440886,0.192802303414924,0.19351008291071037,-0.01938228041034895,0.019711701535996662,0.021388995814090483,326.7900085449219,0.015178009862484597,0.024982066192698937,0.006582712070096762,0.939179759875809,329.0899963378906,181326.0,1561748.52,False,False,318.6700134277344,0.008318965807711742,11.864406779661017,5.932203389830509,26.27118644067797,5.084745762711865,329.0899963378906,318.6700134277344,0.03166301931419882,334.02634628295897,10.190109080725993
ALLE,175.36000061035156,0.21870874525118045,0.3519264705138474,0.232949414111574,0.13307347527418534,0.15574495258136944,0.055140615903120915,179.3300018310547,0.0221379645355897,0.04373858429658645,0.0046431205190177295,1.0795273725089074,180.33999633789062,89815.0,946758.3,False,False,172.6699981689453,0.1288226420535645,65.2542372881356,50.847457627118644,35.59322033898305,47.45762711864407,180.33999633789062,172.6699981689453,0.04253076591270727,183.04509628295898,7.458195136411066
AMAT,201.35000610351562,0.10216188933055714,0.37121674696456486,0.03387043534651846,0.024716042388903903,0.1722359675352687,-0.11522834965487416,211.6874237060547,0.04883340456206512,0.10067049246593997,-0.0002876613518373846,1.2588979594875873,204.10000610351562,1976058.0,7805649.16,False,False,183.8300018310547,0.0704871265533307,26.27118644067797,55.08474576271186,7.627118644067797,29.66101694915254,204.10000610351562,183.8300018310547,0.09931407969767712,207.16150619506834,19.996890553292324
ANET,141.39999389648438,0.4226782851878286,0.7907800853089224,0.46882375886968863,0.32271064360226,0.5309153936399844,0.2569985336370435,153.0399932861328,0.07605854613366057,0.07793496993025632,0.015540854213549931,0.9408960330614807,156.32000732421875,1908680.0,9217445.6,False,False,139.22999572753906,0.4136705966280789,89.83050847457628,92.37288135593221,61.86440677966102,89.83050847457628,156.32000732421875,139.22999572753906,0.10932709055747289,158.664807434082,15.458849937547061
APA,25.549999237060547,0.3953713517559123,0.24163442521857936,0.060410649578366726,0.2973224923451643,0.061457668886545136,-0.09251561085936433,25.739402770996094,0.007358505386495302,0.10058707520806524,0.0055512597244341344,1.1114559313652754,25.56999969482422,2406901.0,7076376.02,True,False,23.0,0.10142245997494898,88.98305084745762,22.88135593220339,10.16949152542373,40.67796610169492,25.56999969482422,23.0,0.10050839755560999,25.95354969024658,2.5679894808640134
APH,122.25,0.2533982285946583,0.7989744750449308,0.8627906579320144,0.16532542521761462,0.5379206744621556,0.5941498163777057,125.4000015258789,0.025119629087315742,0.05873210883579371,0.013322466584224653,1.0758133701009938,126.05999755859375,1726003.0,9024902.06,False,False,118.87999725341797,0.43738792807190335,72.88135593220339,93.22033898305084,90.67796610169492,91.52542372881356,126.05999755859375,118.87999725341797,0.05695700812494826,127.95089752197265,6.962994243274925
APP,656.5999755859375,0.9671639342898337,1.5089795374808785,4.08676763458156,0.828936802287759,1.1448950810699903,3.353183572235954,656.5999755859375,0.0,0.0859107503494695,0.008755133848023055,1.8052883929720207,670.1890258789062,2563689.0,7656105.78,False,False,613.780029296875,1.4917652956685137,100.0,98.30508474576271,99.15254237288136,100.0,670.1890258789062,613.780029296875,0.08416878582584186,680.2418612670898,55.26522271834577
APTV,86.19000244140625,0.25312596643066354,0.3845783524723896,0.1952572696141881,0.16507229415775693,0.1836586361942989,0.022884213406398457,86.19000244140625,0.0,0.0462930473459728,0.0030742847931504265,0.8828919081799343,86.5,368552.0,2512737.04,False,False,82.51000213623047,0.14592784902575623,72.03389830508475,59.32203389830508,27.11864406779661,55.08474576271186,86.5,82.51000213623047,0.04612714293375181,87.79749999999999,3.9756985620751633
ASML,951.2949829101562,0.19820085563717305,0.38520136234129887,0.18047858940157702,0.11400661795817135,0.18419123950306204,0.010236828555653332,963.510009765625,0.012677633581035729,0.06459610559901224,0.001121609868396169,1.0985264587596664,977.47998046875,455954.0,1670661.08,False,False,916.030029296875,0.1283449708501131,57.6271186440678,61.016949152542374,22.88135593220339,46.61016949152542,977.47998046875,916.030029296875,0.0628656876864186,992.1421801757812,59.80381329328681
AVGO,332.7149963378906,0.23736787060214182,0.9423775603329285,0.9216321527773004,0.1504214758439466,0.6605141702039798,0.6445055328419149,368.9378967285156,0.09818156581859565,0.07033053716129606,0.01869419212042561,1.1167989733538795,374.2300109863281,6590030.0,22628712.6,False,False,327.29998779296875,0.504284634423557,67.79661016949152,94.91525423728814,91.52542372881356,94.0677966101695,374.2300109863281,327.29998779296875,0.12540422150984007,379.843461151123,41.72386510040246
AXP,341.2200012207031,0.07847498921389695,0.2617348732210636,0.2956800609999166,0.002693554786154184,0.07864128932018133,0.10882461350772776,341.6700134277344,0.0013170959971482272,0.044516741067535684,0.0009535185228460131,1.165408951601626,349.19000244140625,353522.0,2568928.44,False,False,334.0,0.06189363379748247,21.1864406779661,27.11864406779661,44.06779661016949,25.423728813559322,349.19000244140625,334.0,0.04350067967353996,354.4278524780273,14.84330197130672
BAC,52.21500015258789,0.11429179657926225,0.24095026942099973,0.3547220720587865,0.03599361483153962,0.06087279269166479,0.15935192890266192,52.25,0.0006698535389877392,0.030259538953125505,6.397236988763947e-05,0.9908053618517828,52.880001068115234,7891643.0,34998936.86,False,False,51.29999923706055,0.07310486657582665,33.89830508474576,21.1864406779661,50.847457627118644,32.20338983050847,52.880001068115234,51.29999923706055,0.029879005278753153,53.673201084136956,1.5601322651892702
BK,109.37000274658203,0.20588864956760244,0.3095887359991114,0.558474773156872,0.12115421201613308,0.11955095532163829,0.33372059972398027,109.45999908447266,0.0008221847126197477,0.03712174349483741,0.004833307666733717,0.939700677358954,110.87000274658203,425523.0,3219176.46,False,False,106.80999755859375,0.1628658612104551,61.86440677966102,44.06779661016949,72.88135593220339,57.6271186440678,110.87000274658203,106.80999755859375,0.03661951012365647,112.53305278778075,4.005075922802797
BLK,1154.6300048828125,0.1071378198416626,0.20485251406959426,0.25197636332206397,0.029342328118706407,0.030013275212843027,0.07142360908916334,1154.70849609375,6.797491419092092e-05,0.03442650698629805,0.0031898272467174495,1.0971523617301506,1157.7498779296875,123903.0,504406.06,True,False,1118.0,0.0380940578598661,29.66101694915254,10.16949152542373,37.28813559322034,14.40677966101695,1157.7498779296875,1118.0,0.034333735366717605,1175.1161260986328,39.642761034118344
BX,175.9499969482422,0.171464625017423,0.23368766410658082,0.1470404647265724,0.0891490678157798,0.054664082663566926,-0.01837904413175362,194.80039978027344,0.0967677830912755,0.09207159550566865,0.0037260645961459905,0.9953990774732745,190.08999633789062,563894.0,3610249.88,False,False,173.88999938964844,0.05040095285016667,51.69491525423729,17.796610169491526,18.64406779661017,21.1864406779661,190.08999633789062,173.88999938964844,0.085222774792663,192.94134628295896,14.994946964689786
C,103.52300262451172,0.23493546174630442,0.4618946519671683,0.7386731619659548,0.148159985585252,0.2497553691470875,0.48793182426945036,103.52300262451172,0.0,0.052548657535978975,0.006573499141858252,0.9284683049988913,105.58999633789062,3974439.0,13833292.78,False,False,100.1500015258789,0.2669120451030095,66.94915254237289,67.79661016949152,84.7457627118644,77.11864406779661,105.58999633789062,100.1500015258789,0.051519982959404596,107.17384628295898,5.333503331121241
CAT,465.989990234375,0.21571323181556679,0.38505453163081316,0.2265604334582234,0.13028844822654428,0.1840657157736072,0.049673016904805856,472.1000061035156,0.012942206714991874,0.0782634863087083,0.006796082417683163,1.0975773123371535,485.3399963378906,625975.0,2911291.5,False,False,448.8699951171875,0.14105399573572805,64.40677966101694,60.16949152542372,33.89830508474576,52.54237288135594,485.3399963378906,448.8699951171875,0.07514320166457689,492.6200962829589,35.01597980985586
CCL,30.514999389648438,0.11940569088176112,0.4684792291301141,0.6292044920148996,0.04074817002128106,0.25538444142796735,0.3942500896319583,32.4900016784668,0.06078800205563916,0.05898735943187199,0.004608297915367997,1.1445668090605232,32.79999923706055,6437770.0,17271859.4,False,False,29.920000076293945,0.21876668964675966,35.59322033898305,68.64406779661016,77.96610169491525,70.33898305084746,32.79999923706055,29.920000076293945,0.08780485450476797,33.29199922561645,2.6793650816211643
CEG,329.4750061035156,0.03030328767944268,0.578981260612478,0.3075871332181126,-0.042093255417841924,0.34985123967564746,0.11901451697831189,354.4626770019531,0.0704945048369643,0.08756356497175821,-0.0015242196019104612,0.9537479024790663,348.44000244140625,444572.0,2282885.44,False,False,319.5899963378906,0.18610054660813352,5.932203389830509,83.05084745762711,46.61016949152542,65.2542372881356,348.44000244140625,319.5899963378906,0.0827976291509958,353.6666024780273,27.279749369880964
CFG,53.27000045776367,0.2093968687381409,0.31736532425581765,0.3583890897835298,0.12441591839435917,0.1261990629088623,0.16249011064501784,53.63999938964844,0.006897817600575305,0.030223401473932557,0.0010048765558940645,1.140753663395564,53.88999938964844,1213053.0,4184589.06,False,False,52.279998779296875,0.13292232910174245,62.71186440677966,45.76271186440678,53.38983050847458,48.30508474576271,53.88999938964844,52.279998779296875,0.029875684330789257,54.698349380493156,1.5914777179771467
CHRW,133.49000549316406,0.38775660740470963,0.3278621988711867,0.2553844851319167,0.29024281487590686,0.13517270912349777,0.07434023138068868,137.08999633789062,0.02626005500688421,0.047943618496682994,0.007902811041505187,1.2343850643279284,138.0,277273.0,1648551.46,False,False,131.60000610351562,0.16952724530065869,87.28813559322035,47.45762711864407,38.13559322033898,58.47457627118644,138.0,131.60000610351562,0.046376767365828804,140.07,6.190834930419679
CMI,418.9049987792969,0.29264758534715285,0.3091642688127023,0.3214246382386703,0.2018168389627908,0.11918808365744038,0.1308564574527915,426.3900146484375,0.01755438826425635,0.05318628052713988,0.0038539163132278423,1.0407439608446605,432.5,165684.0,885547.68,False,False,410.2200012207031,0.14631038500811572,77.96610169491525,43.22033898305085,47.45762711864407,55.932203389830505,432.5,410.2200012207031,0.05151444804461705,438.98749999999995,21.579659795246457
COF,223.63999938964844,0.06273926454657386,0.2627810687492236,0.536248309955808,-0.011936464325661311,0.07953566873167728,0.31469950785849,229.74000549316406,0.026551780089067382,0.04681631751599686,-0.0010344172788809077,0.8063620344415253,230.5,530606.0,3437030.12,False,False,219.66000366210938,0.09912679663983825,15.254237288135593,29.66101694915254,69.49152542372882,38.983050847457626,230.5,219.66000366210938,0.04702818367848427,233.95749999999998,10.517382969152496
CRWD,478.70001220703125,-0.04131531235857133,0.3059254021042277,0.6590420670639994,-0.10867941585654395,0.11641921720497672,0.4197846630329669,514.0999755859375,0.06885813083060292,0.09416339698695184,-0.005758271792642994,1.223542816677601,507.1960144042969,867381.0,3210429.62,False,False,462.1199951171875,0.10956271645211857,1.694915254237288,42.3728813559322,81.35593220338984,43.22033898305085,507.1960144042969,462.1199951171875,0.08887297614128788,514.8039546203613,42.5434947637097
DASH,261.1600036621094,0.07777067466245713,0.34604678853302273,0.8433089861865304,0.0020387304570470555,0.15071848633462248,0.5774776780976738,270.989990234375,0.036274353025969056,0.04426404271899979,0.0027325371623395456,1.0089129286713587,269.05999755859375,416677.0,3281767.54,False,False,257.5,0.19146639792396014,20.33898305084746,50.0,89.83050847457628,66.94915254237289,269.05999755859375,257.5,0.04296438587485048,273.09589752197263,11.220579172416231
DDOG,136.60000610351562,0.04179386203782576,0.26516629211005993,0.17535712156903727,-0.03399427691422319,0.08693499850348396,0.005278012844452062,168.64999389648438,0.19003847585456007,0.05519771748185757,0.012665769893387665,0.8527100301753707,145.15499877929688,2171100.0,5023302.0,False,False,132.27999877929688,0.034324818746365435,8.47457627118644,33.05084745762712,21.1864406779661,13.559322033898304,145.15499877929688,132.27999877929688,0.08869828878284784,147.33232376098633,12.116186789108406
DHI,167.58999633789062,0.3056666774846346,0.29584332808420877,-0.11906894082169006,0.21392111574804584,0.10780017880730419,-0.24611169792447274,192.40765380859375,0.12898477258805732,0.04672108564570291,0.013846885201025144,0.9190852129198362,184.5500030517578,513484.0,4027981.68,False,False,162.82000732421875,0.0688540845431713,79.66101694915254,38.983050847457626,1.694915254237288,28.8135593220339,184.5500030517578,162.82000732421875,0.1177458432306002,187.31825309753415,19.73302543581813
DLR,171.1824951171875,0.006038319723088215,0.1976159591658655,0.08682307611974505,-0.06465319164284755,0.023826835353518705,-0.06991223095634758,190.11032104492188,0.09956232688314617,0.03785431286711302,0.0021802243764524913,0.9890083368538034,176.14999389648438,155001.0,1544254.02,False,False,169.6699981689453,-0.02146498600736443,4.23728813559322,7.627118644067797,11.016949152542372,2.5423728813559325,176.14999389648438,169.6699981689453,0.036786806426726715,178.79224380493162,6.297257311520068
EA,171.19000244140625,0.0864654092557362,0.18101169589288957,0.21467780924425983,0.010122510261353801,0.009632059315306973,0.03950403568938343,178.81251525878906,0.042628519633265145,0.0535077298480414,0.005552749385686012,0.9776435764262826,175.55999755859375,641644.0,2926070.88,False,False,166.10000610351562,0.015753589873936314,23.728813559322035,1.694915254237288,31.35593220338983,7.627118644067797,175.55999755859375,166.10000610351562,0.0538846638564165,178.19339752197263,9.224515737134295
EBAY,92.36000061035156,0.25609445198258207,0.39231228216745007,0.4339258487846618,0.1678321924958297,0.19027027551317977,0.22713339730671,100.45508575439453,0.08058412456921166,0.05770890175874229,0.012712228917248658,0.8816481033053365,94.37999725341797,1811615.0,6100610.3,False,False,89.05000305175781,0.19091147496668082,73.72881355932203,62.71186440677966,60.16949152542372,66.10169491525424,94.37999725341797,89.05000305175781,0.056473769408455145,95.79569721221922,5.215917377033771
EME,637.6099853515625,0.20217174783006464,0.6827398309721942,0.4738089848494649,0.11769848661380444,0.4385531377416876,0.2612648193017377,655.8300170898438,0.027781637411367896,0.08066058226397445,0.009905088692060762,2.4538524617861914,660.4299926757812,76467.0,604293.34,False,False,609.0,0.30683907871533267,58.47457627118644,85.59322033898306,63.559322033898304,82.20338983050848,660.4299926757812,609.0,0.07787349642830242,670.3364425659179,49.65291891692486
ES,69.51699829101562,0.10964591000278023,0.18044497555090788,0.09640732537632513,0.03167418176809722,0.009147577215831815,-0.06171016642084193,69.51699829101562,0.0,0.09760208048261297,-0.0025639559250737703,1.6154857475175908,69.67500305175781,444216.0,2688090.32,True,False,62.88999938964844,0.0017340098541766876,30.508474576271187,0.847457627118644,12.711864406779661,4.23728813559322,69.67500305175781,62.88999938964844,0.09738074438359422,70.72012809753417,6.7696170408921486
ETN,364.010009765625,0.033519448998967194,0.30412335854066175,0.12623388434496485,-0.03910308479868796,0.11487867280530129,-0.03618502042519822,391.6195373535156,0.0705008942466715,0.06219613208717727,0.0010758435148846524,1.0159176062223785,382.9200134277344,577582.0,2379915.64,False,False,360.2799987792969,0.038471406878004606,7.627118644067797,39.83050847457627,16.101694915254235,15.254237288135593,382.9200134277344,360.2799987792969,0.05912465751208426,388.66381362915035,21.521967158363026
EXPE,219.82220458984375,0.2897478413508958,0.3057546216744709,0.49558723805909066,0.19912085190267703,0.11627321916144684,0.27990233941561593,228.24000549316406,0.036881356031918035,0.06573499812720407,0.0006416218304390907,0.9951059094281768,229.0,217426.0,1720834.52,False,False,212.5399932861328,0.17385333303464973,77.11864406779661,41.52542372881356,65.2542372881356,59.32203389830508,229.0,212.5399932861328,0.07187775857583925,232.43499999999997,15.800327351117533
F,12.256099700927734,0.15006335819933847,0.2729213364064884,0.21348353649410856,0.06925160842416833,0.08820445613862371,0.038481994013765286,12.256099700927734,0.0,0.07343286968663151,-0.0013329947595414238,1.0366351141677006,12.270000457763672,54413740.0,57653626.8,True,False,11.369999885559082,0.07257410939931541,43.22033898305085,33.89830508474576,29.66101694915254,31.35593220338983,12.270000457763672,11.369999885559082,0.07334967714977769,12.454050464630125,0.8989809561785362
FAST,48.505001068115234,0.16144167053728786,0.26751869060731126,0.387080066207401,0.07983039843757567,0.08358580212957056,0.18704344121013206,50.38999938964844,0.03740818305944327,0.04030516004544134,0.004201571140909157,0.9618991012901656,50.470001220703125,1004837.0,5841936.74,False,False,46.63999938964844,0.10315070883808439,47.45762711864407,31.35593220338983,55.932203389830505,41.52542372881356,50.470001220703125,46.63999938964844,0.07588669979036172,51.22705123901367,3.6808844543872357
FFIV,323.30499267578125,0.0931698822511624,0.1970712705484905,0.44590779897433097,0.01635587860831178,0.02336118789857955,0.23738738028293604,334.5899963378906,0.033727857334721535,0.049829158949290256,0.006401246602943157,0.8630276148425079,337.3900146484375,40904.0,476590.08,False,False,318.7699890136719,0.06406483358837052,24.576271186440678,6.779661016949152,61.016949152542374,27.11864406779661,337.3900146484375,318.7699890136719,0.05518843127046249,342.45086486816405,17.842695367684733
FSLR,220.44000244140625,0.44892864023768975,0.7412322677592089,-0.09925221145827645,0.3471164592981153,0.4885575869889034,-0.22915282208870746,255.75,0.13806450658296676,0.09712394948734512,-0.010492232390816411,0.8512455896799422,228.33999633789062,612466.0,2734189.32,False,False,206.92999267578125,0.30258316686614484,90.67796610169492,89.83050847457628,2.5423728813559325,81.35593220338984,228.33999633789062,206.92999267578125,0.09376370327354959,231.76509628295895,20.669270978536563
GD,329.2699890136719,0.13833328339495443,0.23490849366494593,0.10340749264472993,0.05834577331334345,0.05570775451319521,-0.05571952258868462,329.6199951171875,0.0010618473050798686,0.028775796214826628,-0.004207867370645065,1.1730495974962742,330.385009765625,211544.0,1059080.88,True,False,320.9100036621094,0.03421370473286371,40.67796610169492,19.491525423728813,14.40677966101695,12.711864406779661,330.385009765625,320.9100036621094,0.028678680398475678,335.34078491210937,9.443028779732693
GE,294.7799987792969,0.15991708077047684,0.4338958189850617,0.5642747148124259,0.07841293734838661,0.22581951863819194,0.3386841075050784,305.6300048828125,0.035500461113678404,0.0578058505172863,0.0044397502641581365,1.0517038657272013,307.25,1292609.0,4402818.18,False,False,290.2099914550781,0.20417046202462763,46.61016949152542,65.2542372881356,73.72881355932203,68.64406779661016,307.25,290.2099914550781,0.055459751163293325,311.85875,16.348425380215716
GLW,78.95999908447266,0.5299508371608177,0.7123903546054231,0.7811253064753916,0.4224454520535721,0.4639009978346067,0.524261767243122,81.0,0.025185196487991897,0.05737080587413142,0.01233452634027303,1.1895443777893804,81.58000183105469,1658491.0,7422521.82,False,False,77.05000305175781,0.4635364879819994,95.76271186440678,88.13559322033898,86.4406779661017,93.22033898305084,81.58000183105469,77.05000305175781,0.055528299554076024,82.8037018585205,4.384514481952166
GM,61.90999984741211,0.24939837040367308,0.31923278796036536,0.3015835780418745,0.1616066259239166,0.12779553416505385,0.11387675963501587,61.90999984741211,0.0,0.05604912339291782,-0.00044979751658059703,0.8759852645587228,61.93000030517578,2210909.0,8120400.18,True,False,58.459999084472656,0.1351551067867051,71.1864406779661,46.61016949152542,44.91525423728814,49.152542372881356,61.93000030517578,58.459999084472656,0.056031022179942096,62.85895030975341,3.4688805746105595
GOOG,247.56500244140625,0.38994934320939434,0.5119704815534871,0.5194850367751938,0.2922814732413723,0.2925645666537504,0.30035373650250063,255.24000549316406,0.030069749594811724,0.06079218856513823,0.0022972978781999978,0.9263434505295753,256.70001220703125,5954640.0,23265694.8,False,False,241.64999389648438,0.2940374725997871,88.13559322033898,77.11864406779661,66.94915254237289,79.66101694915254,256.70001220703125,241.64999389648438,0.05862881805556315,260.5505123901367,14.514443485062253
GOOGL,246.8800048828125,0.38408564746002183,0.5249010505442162,0.5279361239851512,0.28682980306457173,0.3036187476103227,0.3075860570354487,254.72000122070312,0.030778879947859415,0.06181138287841277,0.0024915306349066356,0.9252870376058537,256.0,7091494.0,36588623.88,False,False,240.74000549316406,0.2993755261316226,86.4406779661017,79.66101694915254,68.64406779661016,80.50847457627118,256.0,240.74000549316406,0.05960935354232788,259.84,14.716357493591204
GS,803.1572265625,0.1688549395916581,0.4518741736000409,0.6456074490062429,0.08672275771809157,0.24118898809911804,0.4082875075052208,806.3200073242188,0.003922488258990956,0.053837516247524114,0.0023764208150489504,0.9289523927335012,825.25,471107.0,1749692.14,False,False,782.010009765625,0.22826882286603067,50.847457627118644,66.10169491525424,79.66101694915254,72.03389830508475,825.25,782.010009765625,0.05239623172902151,837.62875,42.08241215780698
HCA,420.6000061035156,0.11086867053994842,0.23319337919453065,0.05530677487356539,0.03281102232715294,0.05424152470298349,-0.09688343441958469,420.6000061035156,0.0,0.07299092069413196,0.0005327357811968209,0.9558865358399277,420.9800109863281,232282.0,1339487.64,False,False,390.1000061035156,0.01758738216572069,32.20338983050847,16.94915254237288,9.322033898305085,8.47457627118644,420.9800109863281,390.1000061035156,0.07335266301709363,427.294711151123,30.852130512698707
HII,276.1199951171875,0.1627104560669086,0.3741852170938198,0.10082041105171191,0.08101002994102302,0.17477367534971133,-0.057933510311299785,277.510009765625,0.005008881119680895,0.03947556891654417,0.0008966589782414391,1.1852728448469043,281.1000061035156,62550.0,468563.0,False,False,270.20001220703125,0.1001031445949026,48.30508474576271,55.932203389830505,13.559322033898304,39.83050847457627,281.1000061035156,270.20001220703125,0.03877621365995428,285.3165061950683,10.706887926449596
HOOD,120.76000213623047,0.45441411431576917,1.7451693004899966,4.303469464580361,0.3522164843872886,1.346810741723801,3.5386339238523883,126.80000305175781,0.04763407547444544,0.08455619397084517,0.026279305244557898,1.1130891092052324,130.07000732421875,11535578.0,43112871.56,False,False,119.85900115966797,1.4867971009485648,91.52542372881356,100.0,100.0,99.15254237288136,130.07000732421875,119.85900115966797,0.07850392549835364,132.02105743408202,9.480134210883662
HPE,23.954999923706055,0.3080712266738517,0.5218171773159155,0.30332442541653637,0.2161567039613168,0.3009823831365548,0.1153665521196634,25.239999771118164,0.050911246397177846,0.06474642454738191,0.006418991992737667,1.216126040352677,25.356000900268555,6203349.0,19539236.98,False,False,23.80500030517578,0.2384115131806051,81.35593220338984,77.96610169491525,45.76271186440678,72.88135593220339,25.356000900268555,23.80500030517578,0.06116897539139724,25.73634091377258,1.4653028008340985
HST,17.55500030517578,0.12821335679682622,0.24111422922113634,-0.007093487010808364,0.048936945777854346,0.061012959864634064,-0.1502846932251921,18.25088119506836,0.038128618692702614,0.03189971268626392,-0.003259531656353284,1.059652894011046,17.899999618530273,1527239.0,9843698.78,False,False,17.170000076293945,0.015130625020634912,36.440677966101696,22.033898305084744,5.932203389830509,6.779661016949152,17.899999618530273,17.170000076293945,0.040782098200752175,18.168499612808226,0.7159297463599131
HWM,192.8350067138672,0.04360483312493124,0.45801649574454095,0.9469797063331202,-0.029726372532029033,0.24643998212169715,0.6661976095519695,193.5800018310547,0.0038485128119674686,0.06274797460126044,0.0043255418360396486,0.8985772226453264,194.8800048828125,561427.0,2467136.54,True,False,182.77999877929688,0.24754160121163377,9.322033898305085,66.94915254237289,94.0677966101695,74.57627118644068,194.8800048828125,182.77999877929688,0.06208952073247197,197.80320495605466,11.973033147307028
IBKR,65.4000015258789,0.2135553484697852,0.5522772796994428,0.9322697569365392,0.1282821933347431,0.32702234193068414,0.6536090435584521,67.54381561279297,0.03173960587604143,0.057186510344187175,0.008981579202475254,0.6411327866892783,66.3499984741211,1048658.0,7157091.16,False,False,62.61000061035156,0.33271763767745544,63.559322033898304,80.50847457627118,93.22033898305084,83.89830508474576,66.3499984741211,62.61000061035156,0.05636771589720934,67.3452484512329,3.6864487056877997
IDXX,629.0050048828125,0.18385341453739956,0.4886282769976811,0.24216003558114063,0.10066733159335461,0.27260960927560185,0.06302293507941248,682.780029296875,0.07875892982611087,0.07648585460862221,0.011822399184130907,0.7610453167375657,661.3900146484375,109446.0,584990.92,False,False,613.280029296875,0.1791095911316898,53.38983050847458,72.88135593220339,36.440677966101696,60.16949152542372,661.3900146484375,613.280029296875,0.0727407192216765,671.310864868164,45.754276449209925
INCY,82.38999938964844,0.2050606417997738,0.3577784933303778,0.29340656833371326,0.1203843860485232,0.1607477733561009,0.10687899073958063,86.95999908447266,0.05255289492798794,0.06954731641439382,0.00074801998434667,1.00070804219301,87.98999786376953,249432.0,1791644.64,False,False,81.08999633789062,0.13786500064052354,59.32203389830508,52.54237288135594,43.22033898305085,50.847457627118644,87.98999786376953,81.08999633789062,0.07841802129103162,89.30984783172606,6.460860726305533
INTC,35.200199127197266,0.5513529439702691,0.49027086691414823,0.5431915805063781,0.4423436924126962,0.2740138387559199,0.3206414602867569,35.200199127197266,0.0,0.194882460847285,0.015024177587256557,1.477985714222032,35.589900970458984,127995828.0,121819034.56,True,False,28.729999542236328,0.3338383191591202,97.45762711864407,73.72881355932203,71.1864406779661,84.7457627118644,35.589900970458984,28.729999542236328,0.19274853936560948,36.123749485015864,6.784786967145875
IVZ,22.774999618530273,0.46493223682132157,0.4991801732436847,0.35906865911374264,0.3619955277125826,0.2816302927909158,0.16307167643630072,22.774999618530273,0.0,0.047859502561793284,0.008321733997153581,0.7282491608062823,22.989999771118164,1495669.0,5872285.38,False,False,21.899999618530273,0.2820281399964928,92.37288135593221,75.42372881355932,54.23728813559322,77.96610169491525,22.989999771118164,21.899999618530273,0.04741192533447669,23.334849767684933,1.0798065814064923
J,147.51499938964844,0.1368510981574098,0.21267199278283067,0.19629953747002604,0.056967737105226623,0.03669804931243248,0.02377617145006017,151.8494415283203,0.02854434033505148,0.050300060728977365,-0.00028151766009721225,0.9738576490155867,152.07000732421875,62923.0,677986.46,False,False,144.64999389648438,0.040194580077796256,38.13559322033898,12.711864406779661,27.966101694915253,16.94915254237288,152.07000732421875,144.64999389648438,0.04879340481594532,154.351057434082,7.197759081643042
JPM,315.93499755859375,0.1056984081770278,0.2873305744427921,0.5266770292837946,0.02800405990363597,0.10052273268266676,0.30650854165366237,315.93499755859375,0.0,0.025972807879946193,0.0021344286761461983,1.1640355321519649,317.3257141113281,2790997.0,7834983.94,True,False,309.1199951171875,0.11996429264315665,27.11864406779661,38.13559322033898,67.79661016949152,44.91525423728814,317.3257141113281,309.1199951171875,0.025858979052866146,322.085599822998,8.169756483934993
KEY,18.91510009765625,0.11019350268302519,0.1979763214803023,0.19257679581570653,0.032183296635499126,0.024134904568150484,0.020590301959366286,19.229999542236328,0.016375426525020984,0.03489274939094238,0.0008411207952891992,0.9147812900345431,19.5,7687145.0,29816672.9,False,False,18.540000915527344,0.025840501666598237,31.35593220338983,8.47457627118644,25.423728813559322,11.016949152542372,19.5,18.540000915527344,0.049230722280649036,19.792499999999997,0.9312040398183923
KLAC,1062.2850341796875,0.19635105078928894,0.5245138314910149,0.39229129863436163,0.11228679374607942,0.30328771890717854,0.19150313998581914,1071.25,0.008368696214994165,0.048009713362273776,0.003188947008844973,0.9664506001163555,1076.7900390625,135448.0,964492.96,False,False,1025.7900390625,0.2236305255745769,56.779661016949156,78.8135593220339,57.6271186440678,71.1864406779661,1076.7900390625,1025.7900390625,0.04736299385198883,1092.9418896484374,50.31299954291229
LDOS,184.0500030517578,0.18481054908492722,0.3631136519744065,0.17381830404732224,0.10155721096141357,0.16530873344419916,0.00453705084348921,199.28775024414062,0.07646103272135678,0.06237433054706717,-0.002264796746316701,1.1837374210253995,190.67999267578125,176648.0,828278.96,False,False,179.1999969482422,0.1140289401792215,54.23728813559322,53.38983050847458,20.33898305084746,44.06779661016949,190.67999267578125,179.1999969482422,0.06020555993548224,193.54019256591795,11.080833489858295
LH,280.3699951171875,0.07868545262416338,0.21688747938914577,0.285448941359977,0.0028892295186264683,0.040301815844255406,0.10006896647573393,280.3699951171875,0.0,0.03349151054667142,-0.0010782555954167116,0.80842158824332,283.4700012207031,100863.0,568597.26,False,False,274.0799865722656,0.04103147007286243,22.033898305084744,13.559322033898304,41.52542372881356,17.796610169491526,283.4700012207031,274.0799865722656,0.03312524996649171,287.72205123901364,9.287326171360895
LHX,292.1700134277344,0.1881933593137941,0.3865323479613161,0.2691970685445748,0.1047023205350921,0.18532908238567725,0.08616084429670767,292.1700134277344,0.0,0.050792332052793515,-0.005889704671711594,0.758743368616901,293.32000732421875,297172.0,1164553.44,True,False,278.4800109863281,0.1413074062127078,55.08474576271186,61.86440677966102,40.67796610169492,54.23728813559322,293.32000732421875,278.4800109863281,0.05059319503387085,297.719807434082,14.78181447239803
LRCX,126.7699966430664,0.30679350283796647,0.7021306651863508,0.6195091432204436,0.2149687622214973,0.4551301182640348,0.38595294768818333,131.93946838378906,0.03918063187647201,0.06760280469477696,0.009923852221221729,1.0315873412405536,133.57000732421875,2941892.0,11551885.84,False,False,125.0,0.36924627733610327,80.50847457627118,86.4406779661017,77.11864406779661,87.28813559322035,133.57000732421875,125.0,0.06416116533868638,135.573557434082,8.1337107146005
LYV,162.5,0.08340552069255103,0.26873827043153375,0.5126128598937651,0.00727763154710015,0.08462840559718332,0.29447262502763083,174.05999755859375,0.06641386717647352,0.06092313326322115,-0.0010807426944925082,1.2505050046065191,175.25,289316.0,2116218.32,False,False,159.9499969482422,0.10339201726824787,22.88135593220339,32.20338983050847,66.10169491525424,42.3728813559322,175.25,159.9499969482422,0.08730386905425286,177.87875,14.18687872131609
MELI,2483.7099609375,-0.02981976384624596,0.18506087993362996,0.17655611602913313,-0.09799162752828439,0.013093655873424481,0.006880031494318706,2613.6298828125,0.04970861510628066,0.04647480320007046,-0.00014308171169148123,0.9329565072695883,2531.18994140625,84136.0,353846.72,False,False,2415.760009765625,-0.021474654022909333,2.5423728813559325,2.5423728813559325,22.033898305084744,1.694915254237288,2531.18994140625,2415.760009765625,0.045603030318813506,2569.1577905273434,113.26470065177192
MLM,611.7000122070312,0.11358024170089309,0.26659057757359284,0.1479781934276052,0.03533205893311542,0.08279236995885686,-0.017576549213605852,631.1199951171875,0.030770666529984225,0.04458070784216431,0.0006654225267003935,0.8519551647374729,632.260009765625,68633.0,390012.66,False,False,600.0,0.048480492816641886,33.05084745762712,30.508474576271187,19.491525423728813,19.491525423728813,632.260009765625,600.0,0.0510233278514382,641.7439099121093,31.210970269568104
MOS,34.65999984741211,-0.011987946265362703,0.277523638320601,0.3949227599629297,-0.08141280211527524,0.09213890621671816,0.1937551072564725,37.55366134643555,0.07705404467301277,0.10790541531828785,-0.001712025501570109,0.9068877667928246,36.9900016784668,879937.0,4654372.74,False,False,33.25,0.06039663392507101,3.389830508474576,35.59322033898305,58.47457627118644,24.576271186440678,36.9900016784668,33.25,0.10110844846606172,37.54485170364379,3.5044188084057746
MPC,200.6699981689453,0.20534661333037607,0.3771993144115473,0.26361662702383803,0.12065026315597138,0.17735038927427005,0.08138518161678787,200.6699981689453,0.0,0.09747299638380306,-0.0023343533693162776,1.1509429020117705,201.58990478515625,639870.0,1847795.4,True,False,182.02999877929688,0.14114730990728402,60.16949152542372,56.779661016949156,39.83050847457627,53.38983050847458,201.58990478515625,182.02999877929688,0.09702820201589597,204.6137533569336,19.4706491208659
MPWR,885.4149780273438,0.2055154598095974,0.4792647441966704,-0.02004231209568219,0.1208072452632587,0.2646048427375334,-0.16136611401902134,936.7351684570312,0.054786232179390625,0.07425896515381682,0.0015023063204285566,0.8822683507394882,938.0399780273438,87572.0,555757.44,False,False,872.2899780273438,0.13627137214394003,61.016949152542374,72.03389830508475,4.23728813559322,50.0,938.0399780273438,872.2899780273438,0.07009296143035323,952.1105776977538,62.061357904727664
MS,160.72999572753906,0.15037766011703413,0.3709683654051519,0.6136600717902188,0.0695438252212961,0.17202362926105996,0.3809473953429592,160.75999450683594,0.0001866059985191115,0.045728806321788724,0.0005805682522381675,1.162457525399715,163.97999572753906,1125536.0,4957362.72,False,False,156.6300048828125,0.18306444126551064,44.06779661016949,54.23728813559322,76.27118644067797,61.86440677966102,163.97999572753906,156.6300048828125,0.04482248467025782,166.43969566345214,7.204317769548224
MU,157.6699981689453,0.2649760224616695,0.7334782447499808,0.6851846430729707,0.17608967974850231,0.48192877014821445,0.4421571086789031,168.88999938964844,0.06643378092990164,0.100209318419779,0.01258198252664123,1.3322699745227098,170.4499969482422,12018363.0,21904221.26,False,False,154.64999389648438,0.38222271073443853,75.42372881355932,88.98305084745762,83.05084745762711,88.13559322033898,170.4499969482422,154.64999389648438,0.09269582478523332,173.0067469024658,14.615350524156613
NCLH,24.985000610351562,0.23810704819183726,0.2561589430392226,0.19203252393558845,0.15110871348268895,0.07387449666972046,0.020124521806317297,29.06999969482422,0.1405228457983084,0.05483293198983521,0.00815505174133581,0.7765385215094438,27.18000030517578,3750987.0,14820885.74,False,False,24.719999313354492,0.08629476674093037,68.64406779661016,25.423728813559322,24.576271186440678,36.440677966101696,27.18000030517578,24.719999313354492,0.0905077617439482,27.587700309753416,2.2613364824141
NEM,84.93499755859375,0.5013650397563152,0.7693002581653288,0.5512509840235473,0.3958682990341871,0.5125525593106195,0.3275385834725004,84.93499755859375,0.0,0.11326311912760721,0.005450945260328062,1.3008141568363736,86.62000274658203,2941908.0,10777766.16,False,False,77.0,0.4405444860600659,94.0677966101695,91.52542372881356,72.03389830508475,92.37288135593221,86.62000274658203,77.0,0.1110598296184149,87.91930278778075,9.432866357497907
NRG,166.96499633789062,0.029111364710666665,0.7552259319118404,0.9286943711342497,-0.04320142527856752,0.500520594641513,0.6505492791152876,173.91000366210938,0.039934490126929324,0.08468840595206566,0.0021462237902538203,0.8989094401982538,172.0399932861328,641723.0,2669192.46,False,False,157.89999389648438,0.36740972556024376,5.084745762711865,90.67796610169492,92.37288135593221,86.4406779661017,172.0399932861328,157.89999389648438,0.08219018798804024,174.62059318542478,13.72288443643368
NSC,296.6099853515625,0.1651514635667941,0.27495801000204123,0.22761726969820217,0.0832795146409917,0.08994558280450016,0.0505774423649239,296.6099853515625,0.0,0.06763089089808377,0.0033433801821206744,0.7478243028473369,297.82000732421875,189274.0,2467581.48,True,False,277.760009765625,0.08007213426753237,50.0,34.74576271186441,34.74576271186441,33.05084745762712,297.82000732421875,277.760009765625,0.06735611129293821,302.287307434082,19.978495183936616
NTAP,119.63999938964844,0.13716358524875893,0.3282674679352251,-0.0072851424242811325,0.05725826659880173,0.13551916855410706,-0.15044870920889608,129.06350708007812,0.07301450195819352,0.06110001024139726,0.0030761609227898095,1.1490283986917962,126.66000366210938,212412.0,1951084.24,False,False,119.3499984741211,0.05484732241491483,38.983050847457626,48.30508474576271,5.084745762711865,22.88135593220339,126.66000366210938,119.3499984741211,0.05771360316307243,128.559903717041,6.904855447204398
NTRS,132.8800048828125,0.07472107113423454,0.33918035172994276,0.4948697035064815,-0.0007965859230116834,0.1448484557889802,0.2792882835256445,132.8800048828125,0.0,0.044024728240149996,0.0015155736354262115,1.0329664792832178,135.0,326020.0,1182886.4,True,False,129.14999389648438,0.12804290882271552,17.796610169491526,49.152542372881356,64.40677966101694,45.76271186440678,135.0,129.14999389648438,0.04333337854456019,137.02499999999998,5.75813955258992
ORCL,291.3299865722656,0.37181197772808594,0.9823934704767459,0.773898114823484,0.2720157698863792,0.703122235632968,0.5172076121661784,328.3299865722656,0.11269150401483746,0.14056229737570605,0.030825553002593625,1.9045622359722043,345.7200012207031,39052900.0,20445764.0,False,False,288.54998779296875,0.5366073712156334,85.59322033898306,96.61016949152543,85.59322033898306,94.91525423728814,345.7200012207031,288.54998779296875,0.16536507354469718,350.9058012390136,48.17580465529834
PH,751.885009765625,0.07584372303597076,0.2068346336880984,0.21427665285466135,0.00024718035566650975,0.03170776436921563,0.03916073174264412,769.6699829101562,0.023107271349319718,0.04306510232582757,0.0032680884240652106,0.841643190732376,779.77001953125,65363.0,642239.26,False,False,738.3800048828125,0.02376018263983659,18.64406779661017,11.016949152542372,30.508474576271187,10.16949152542373,779.77001953125,738.3800048828125,0.05307977174259488,791.4665698242187,39.909884695038095
PHM,131.47000122070312,0.24796114990341578,0.256362527491075,-0.07512609646062574,0.16027039490620432,0.07404853845955461,-0.2085060351673529,147.88427734375,0.11099405844809768,0.05293988475882943,0.01038370574060612,1.0464512363209617,142.11000061035156,221516.0,2081608.32,False,False,128.17999267578125,0.04340418066816802,70.33898305084746,26.27118644067797,3.389830508474576,18.64406779661017,142.11000061035156,128.17999267578125,0.09802271391697978,144.24165061950683,12.887046318321966
PLTR,176.60740661621094,0.3508291203601419,0.9603442534710402,3.78610838247125,0.25591011951963694,0.6758736704148594,3.0958836499376527,186.97000122070312,0.05542383557167534,0.09263484994094164,0.007223237839206972,0.8651768156390724,185.75,22445959.0,66740133.18,False,False,169.38999938964844,1.0338866010508514,83.89830508474576,95.76271186440678,98.30508474576271,98.30508474576271,185.75,169.38999938964844,0.08807537340700707,188.53625,15.554763284165908
PNC,203.85000610351562,0.10697651757211002,0.18740438091718414,0.14413283865487214,0.02919236011048154,0.015097085417993483,-0.02086734927144207,209.22898864746094,0.025708591236411296,0.02276183100672674,0.0009270853002301612,0.8689101796872044,208.8000030517578,181061.0,1576683.22,False,False,202.14999389648438,0.01213278088785279,28.8135593220339,3.389830508474576,16.94915254237288,5.932203389830509,208.8000030517578,202.14999389648438,0.0318487023854354,211.93200309753416,6.492358175660058
PNR,109.5250015258789,0.059878573261665125,0.2330454183885633,0.14514652135183126,-0.014596142799708889,0.054115034869101075,-0.019999854001191752,112.58999633789062,0.027222621118251484,0.048664704467457125,0.003882707719800977,0.7285411664911406,112.91000366210938,82912.0,1469184.24,False,False,107.58000183105469,0.01867870379439952,12.711864406779661,16.101694915254235,17.796610169491526,9.322033898305085,112.91000366210938,107.58000183105469,0.047205753770100556,114.603653717041,5.170210253700527
PODD,323.3299865722656,0.03273923738218287,0.2422868568042289,0.35278856116210666,-0.03982847311769677,0.0620154244512634,0.15769725770932008,352.82000732421875,0.08358375415159976,0.07246464494113523,-0.000636267155602414,0.9980601273436046,353.5,75678.0,624659.56,False,False,312.5899963378906,0.050598621832186684,6.779661016949152,23.728813559322035,50.0,22.033898305084744,353.5,312.5899963378906,0.11572844034542963,358.80249999999995,37.418475062917004
PSKY,18.954999923706055,0.5168056033050219,0.6340610677332972,0.8249874826701666,0.41022389717730134,0.3969382747011887,0.5617983953280259,19.729999542236328,0.039280265408583474,0.16882093251487565,0.06808465981966134,0.5805128223498925,20.860000610351562,1386139.0,19551736.78,False,False,17.65999984741211,0.4338959855693899,94.91525423728814,84.7457627118644,88.98305084745762,90.67796610169492,20.860000610351562,17.65999984741211,0.1534036754223049,21.172900619506834,2.907766655926018
PWR,404.42999267578125,0.061052741816057576,0.5877665759344917,0.3577663816309431,-0.01350447980010605,0.3573616953562686,0.16195720584281892,421.67999267578125,0.04090779809243422,0.07667576542204325,0.004125178082222115,0.9028959774803729,407.0799865722656,176345.0,1069928.9,False,False,376.07000732421875,0.20702094490666628,14.40677966101695,83.89830508474576,52.54237288135594,69.49152542372882,407.0799865722656,376.07000732421875,0.0761766244249935,413.18618637084955,30.808111658265858
RF,26.7549991607666,0.1570186480492186,0.24647180321645723,0.21649755166786044,0.07571816942362908,0.06559308255490137,0.041061345437575,27.399999618530273,0.023540163019836913,0.04073998428068074,0.003472936906262932,1.0177383059711502,27.610000610351562,4854735.0,17528212.7,False,False,26.3700008392334,0.0637242611920544,45.76271186440678,24.576271186440678,32.20338983050847,26.27118644067797,27.610000610351562,26.3700008392334,0.04491125475213725,28.024150619506834,1.2016005832024073
RJF,174.82000732421875,0.14463097128352986,0.2340535764544771,0.4275543816478149,0.06420094021019684,0.0549768965320665,0.22168078612734265,175.80999755859375,0.005631023537470087,0.044674506528932,0.0022580872273069235,1.2393274749754648,177.66000366210938,410177.0,1047945.54,False,False,169.85000610351562,0.09108488755456083,42.3728813559322,18.64406779661017,59.32203389830508,38.13559322033898,177.66000366210938,169.85000610351562,0.043960359099437726,180.324903717041,7.685150299738989
RL,309.30999755859375,0.11926900932555773,0.3834043805136975,0.6468521438266503,0.040621092697435746,0.1826550223178618,0.40935269967319177,320.75,0.03566641447047934,0.05318283217255835,3.464591190466909e-05,0.988746311176272,321.7699890136719,149335.0,664066.7,False,False,299.9800109863281,0.18538437890279996,34.74576271186441,58.47457627118644,80.50847457627118,64.40677966101694,321.7699890136719,299.9800109863281,0.06771911232037833,326.59653884887695,20.946198466486358
RTX,163.7899932861328,0.1372275785613275,0.23922658222704118,0.39180221886716526,0.057317763279488565,0.0593992341678129,0.19108459245996046,163.7899932861328,0.0,0.05403264220211007,-0.0027172907229597414,0.9492698393364132,165.35000610351562,1261612.0,4342644.24,True,False,156.5,0.08511186455974512,39.83050847457627,20.33898305084746,56.779661016949156,35.59322033898305,165.35000610351562,156.5,0.05352286529687318,167.83025619506833,8.76650974762945
SHOP,143.4499969482422,0.26868309308758764,0.37562330866388427,0.7906627868594227,0.17638927753663158,0.18183129622446836,0.5315463657934838,157.1199951171875,0.08700355520473116,0.11795049514744968,0.007231777657794656,0.8549750847376199,159.00999450683594,8507800.0,7618222.0,False,False,142.08999633789062,0.2501417045319204,76.27118644067797,57.6271186440678,87.28813559322035,75.42372881355932,159.00999450683594,142.08999633789062,0.10640839414794089,161.39514442443846,15.264283815789472
SRE,87.63999938964844,0.16295115021018303,0.2617762044439602,0.0900267602013245,0.08123381117707362,0.07867662286330557,-0.0671705635721811,92.47187805175781,0.0522524119106233,0.06851891026059553,0.0017121190792597461,1.3899283486745844,87.7249984741211,661272.0,3929049.44,True,False,81.72000122070312,0.05027434207033865,49.152542372881356,27.966101694915253,11.864406779661017,20.33898305084746,87.7249984741211,81.72000122070312,0.06845252046586749,89.0408734512329,5.999178851848524
STT,115.7300033569336,0.09965155263725634,0.28090017719345295,0.34411216031489644,0.02238210006489072,0.09502546687264668,0.15027211696228915,115.81999969482422,0.0007770362470018792,0.035600126389654985,0.002047706242000863,0.8413622675509433,115.9800033569336,224474.0,1706681.48,True,False,111.86000061035156,0.08428178684824839,25.423728813559322,36.440677966101696,49.152542372881356,34.74576271186441,115.9800033569336,111.86000061035156,0.0355233887509258,117.71970340728758,4.111121899394299
STX,216.69000244140625,0.5320277057487572,1.489607450627052,1.0749898412992498,0.42437638486897544,1.1283341274304273,0.7757468668889627,229.3300018310547,0.055117077088588734,0.08724261312375554,0.015870686102121275,1.1996731895082646,231.9600067138672,955695.0,3613041.9,False,False,213.05540466308594,0.8466293525536989,96.61016949152543,97.45762711864407,94.91525423728814,96.61016949152543,231.9600067138672,213.05540466308594,0.0814994029298374,235.43940681457516,17.660105819839618
SWKS,79.12999725341797,0.06776403276223464,0.2169332053634705,-0.16760931053331785,-0.007264772580811596,0.0403409064051552,-0.28765185764837964,96.35376739501953,0.1787555443575925,0.10286869293802275,0.0009253223645763872,1.1932519158843915,83.5199966430664,255173.0,2551487.46,False,False,75.37999725341797,-0.03953935010134181,16.94915254237288,14.40677966101695,0.847457627118644,0.847457627118644,83.5199966430664,75.37999725341797,0.09746168243319964,84.7727965927124,7.712142663252582
SYF,74.76499938964844,0.13446588544295524,0.3941727873481311,0.5790815958627653,0.054750126646479824,0.1918607980147522,0.35135562623264693,76.86000061035156,0.027257366693553848,0.056309758828882575,0.00180089435260208,0.9897779526528195,77.41000366210938,307964.0,3261859.28,False,False,72.9800033569336,0.18262656224784943,37.28813559322034,64.40677966101694,74.57627118644068,61.016949152542374,77.41000366210938,72.9800033569336,0.05722774958792796,78.57115371704101,4.278632663012387
TEL,215.64500427246094,0.29689057592358137,0.47753062665336676,0.47343011135192437,0.2057616864062204,0.26312236743908457,0.2609405847378792,219.66000366210938,0.018278245118417122,0.04729994549447016,0.005822311870606472,0.959916073726672,221.0,536670.0,1877171.4,False,False,210.8000030517578,0.24547780658898424,78.8135593220339,71.1864406779661,62.71186440677966,73.72881355932203,221.0,210.8000030517578,0.046153832344987274,224.31499999999997,9.952843373225226
TER,133.42999267578125,0.4782982087244003,0.5612451978076962,0.023191529120258014,0.37442230998820913,0.33468890243884375,-0.1243672060943879,139.49827575683594,0.04350077481697704,0.17349929120902496,0.015924157040390186,0.9883378228869107,138.24000549316406,676379.0,4212393.58,False,False,115.08999633789062,0.25479770299700705,93.22033898305084,81.35593220338984,6.779661016949152,76.27118644067797,138.24000549316406,115.08999633789062,0.1674624438322827,140.3136055755615,22.34451265400991
TJX,142.3000030517578,0.15701436874124175,0.18782595238709354,0.22477909508869498,0.07571419081070774,0.015457481570540832,0.048148572801224976,142.3000030517578,0.0,0.026809573855164606,-0.00014761982851062812,0.8452166443832404,142.48500061035156,809754.0,4949897.08,True,False,138.6699981689453,0.04007271258872773,44.91525423728814,4.23728813559322,33.05084745762712,16.101694915254235,142.48500061035156,138.6699981689453,0.02677476523889694,144.6222756195068,3.8100491752051333
TKO,197.77999877929688,0.10691546433589227,0.31015639545896634,0.6369256353505548,0.029135596915167206,0.1200362402611832,0.4008577345534896,204.49000549316406,0.032813372456442606,0.04424107621602397,0.007744042254204102,1.632746850203067,212.49000549316406,199611.0,1067594.22,False,False,194.66000366210938,0.1489303461158397,27.966101694915253,44.91525423728814,78.8135593220339,56.779661016949156,212.49000549316406,194.66000366210938,0.08390983749881963,215.6773555755615,16.595687558087544
TPR,108.13999938964844,0.24612926625582454,0.4987221746525552,1.425326106699198,0.15856723262156325,0.281238755550147,1.075559672358895,116.13999938964844,0.06888238369246143,0.09931568267419098,0.013865941226895266,0.770700179541071,117.0,719011.0,4204308.22,False,False,106.26000213623047,0.4033014820333215,69.49152542372882,74.57627118644068,97.45762711864407,88.98305084745762,117.0,106.26000213623047,0.09179485353649172,118.755,9.926695405409083
TSLA,428.6200866699219,0.32441393011481323,0.5692896386606188,0.6856887539539958,0.23135105113850818,0.3415659938449842,0.4425885196187198,479.8599853515625,0.10678093661862731,0.06630583659421561,-0.011784362637620064,1.1087396890077847,444.9800109863281,43040210.0,87566912.2,False,False,416.55999755859375,0.3287060161877885,82.20338983050848,82.20338983050848,83.89830508474576,83.05084745762711,444.9800109863281,416.55999755859375,0.06386806761215971,451.654711151123,27.375136675364327
UBER,97.66500091552734,0.06702722842839304,0.3046353208554786,0.2611699100787608,-0.007949803725780469,0.11531634295539206,0.07929131596843142,99.38999938964844,0.017355855566095858,0.08989913169499576,0.00031632641036938346,1.1958490278489469,101.98999786376953,3937496.0,17932739.92,False,False,93.20999908447266,0.07113149355364817,16.101694915254235,40.67796610169492,38.983050847457626,30.508474576271187,101.98999786376953,93.20999908447266,0.08608686109616875,103.51984783172607,8.407673367772196
ULTA,545.7999877929688,0.1910009402267132,0.473780831641506,0.3560248143924689,0.1073126205551016,0.25991671479990974,0.16046679730893398,545.7999877929688,0.0,0.057017214754852365,0.006203010688629018,0.8133316610167496,546.0,164212.0,706724.24,True,False,514.8800048828125,0.19424550302827215,55.932203389830505,70.33898305084746,51.69491525423729,67.79661016949152,546.0,514.8800048828125,0.05699632805345696,554.1899999999999,31.10859515582085
URI,946.4500122070312,0.25999997562334154,0.47178947194579446,0.1900327303114886,0.17146328586546722,0.25821432641763487,0.018413126795247647,975.22998046875,0.029510955198368174,0.06184158434868889,0.006911666211763971,0.969952386439968,980.530029296875,71635.0,552762.7,False,False,913.5900268554688,0.18422877432750714,74.57627118644068,69.49152542372882,23.728813559322035,63.559322033898304,980.530029296875,913.5900268554688,0.06826920180038548,995.237979736328,64.61338687733912
VLO,177.17019653320312,0.32614461237111625,0.35205084845629475,0.3776819115077177,0.23296012317182702,0.15585128172154916,0.17900063375616826,177.17019653320312,0.0,0.1020486906152824,-0.0007694870953117928,1.20781201907607,178.42999267578125,894123.0,2786238.46,True,False,160.35000610351562,0.18361380456355633,83.05084745762711,51.69491525423729,55.08474576271186,62.71186440677966,178.42999267578125,160.35000610351562,0.10132818087998312,181.10644256591794,17.952333720858565
VMC,298.8500061035156,0.14175815783720758,0.262469649187538,0.20489015225758256,0.06152999136526338,0.07926944006140335,0.031127897704344765,301.6499938964844,0.009282240509275817,0.03791195027896752,-0.00038375979437281374,0.7790763278087315,302.2099914550781,121327.0,843720.54,False,False,290.0299987792969,0.06431929698114965,41.52542372881356,28.8135593220339,28.8135593220339,27.966101694915253,302.2099914550781,290.0299987792969,0.04030307739706793,306.74314132690427,12.044574926104213
VST,203.58340454101562,0.044927103210701036,0.7103417987208884,0.8215728457890255,-0.028497014683263044,0.46214971314918163,0.5588761975309255,217.9199981689453,0.0657883340142792,0.1169545861120809,0.013377999557940355,0.988952716360874,219.82000732421875,781185.0,4555979.7,False,False,196.00999450683594,0.334300991675797,10.16949152542373,87.28813559322035,88.13559322033898,85.59322033898306,219.82000732421875,196.00999450683594,0.10831594952257803,223.11730743408202,22.051329769899233
WBD,19.780000686645508,0.7739911536654196,0.793291130145594,1.4240197373188193,0.6449373235816915,0.5406598357993142,1.0732539071823384,19.81999969482422,0.002018113460877411,0.13498483233605746,0.015819387465996766,1.291711409617952,20.239999771118164,41445300.0,72562640.0,True,False,17.56999969482422,0.6784618964106323,99.15254237288136,94.0677966101695,96.61016949152543,95.76271186440678,20.239999771118164,17.56999969482422,0.13191700130866357,20.543599767684935,2.609318376465582
WDC,106.82499694824219,0.6898302308946245,1.5566362270561709,1.1329767649108642,0.5710905659813936,1.1856361861779083,0.8253712534157802,112.41000366210938,0.04968424990586274,0.11008661336005758,0.015001389270070097,1.1162605138627504,113.76000213623047,1911238.0,7824350.76,False,False,102.0,0.9292195135665283,98.30508474576271,99.15254237288136,95.76271186440678,97.45762711864407,113.76000213623047,102.0,0.10337554426333054,115.46640216827392,11.04309220045316
WFC,85.06999969482422,0.07634917040289912,0.19035987737162263,0.6056535654322157,0.0007171113435628929,0.017623702200850966,0.3740955407955422,85.16000366210938,0.0010568807352600211,0.055483733838432074,0.002523920802259627,0.934095499393744,86.66000366210938,2230399.0,14355469.98,False,False,81.94000244140625,0.08384609266260279,19.491525423728813,5.084745762711865,75.42372881355932,33.89830508474576,86.66000366210938,81.94000244140625,0.054465739917420125,87.959903717041,4.633400478153305
WMT,102.94999694824219,0.06086614702509863,0.20798719201785687,0.2886303707328366,-0.013677963094686274,0.03269307200334137,0.10279158859592052,104.2699966430664,0.012659439314482745,0.03215150710745374,-0.002216982781279345,0.9459675286527791,106.11000061035156,3698081.0,16358191.62,False,False,101.33000183105469,0.032801464792448914,13.559322033898304,11.864406779661017,42.3728813559322,11.864406779661017,106.11000061035156,101.33000183105469,0.04504758035813791,107.70165061950682,4.637648260395992
WSM,199.4499969482422,0.21925728327588012,0.22364252275380814,0.32595762301456155,0.1335834690593194,0.04607661753906167,0.13473572151145508,215.8257293701172,0.07587479245253671,0.03682627893250443,0.001741722553047193,0.8859992040454884,206.39999389648438,313201.0,1293692.02,False,False,195.0800018310547,0.09006049378961767,66.10169491525424,15.254237288135593,48.30508474576271,37.28813559322034,206.39999389648438,195.0800018310547,0.054844924419459984,209.49599380493163,10.938820008087868
WYNN,128.5399932861328,0.36073372390906444,0.4992990720947934,0.543128053936961,0.265118754157011,0.28173193792475537,0.3205870951499443,129.52000427246094,0.007566483585551416,0.05282397417757865,0.005772597790004123,0.7944936744128283,130.83999633789062,342135.0,1882536.7,False,False,124.05000305175781,0.28451901423946985,84.7457627118644,76.27118644067797,70.33898305084746,78.8135593220339,130.83999633789062,124.05000305175781,0.05189539495704238,132.80259628295897,6.670633719359438
ZS,291.69000244140625,-0.07493975749694703,0.3926474418306467,0.6749354732380195,-0.13994116486389452,0.19055679929793956,0.43338601454610903,316.5,0.07838861787865324,0.0522128984239333,0.0038203304582237864,0.8143511691255101,294.6499938964844,368597.0,1591155.94,False,False,279.4200134277344,0.13997325309902325,0.847457627118644,63.559322033898304,82.20338983050848,51.69491525423729,294.6499938964844,279.4200134277344,0.051688378700936115,299.0697438049316,15.076983309468385
